Title,Snippet
GHRCEM: Top Engineering College in Pune | B.Tech College,The G H Raisoni College of Engineering & Management is the Top Engineering College in Pune. Get your Degree here.
GHRCACS Pune: Best College in Pune,"G H Raisoni College of Arts, Commerce and Science is one of the most renowned colleges in Pune. The ambience is soothing and calm. The teaching staff is ..."
"GHRCEM: Courses, Fees, Admission 2025, Placements","G H Raisoni College of Engineering and Management, Pune has a fully computerized library and all the college libraries of Raisoni Group are linked through ..."
G. H. Raisoni College of Engineering and Management - Wikipedia,"G H Raisoni College of Engineering and Management (GHRCEM) is an Autonomous (B.Tech) educational institute located in Pune, India, which is affiliated to ..."
G H Raisoni International Skill Tech University Pune | Top University ...,"Explore G H Raisoni International Skill Tech University Pune, one of the best universities in Pune, offering quality education, modern facilities, ..."
Raisoni Group of Institutions Proposed Fees : 2024-25 Sr. No. Name ...,"G H Raisoni Public School, Pune. (CBSE Board). 18. School of Engineering ... G H Raisoni College of Arts, Commerce. & Science, Pune. 16 G H Raisoni Jr ..."
"G H Raisoni Junior College Wagholi, Pune","40 Years of Innovation & Success, 19 Educational Institutes, 4 Distinguished Universities, 150000 + Raisonians, Our School Networks, A Commitment to Excellence."
G. H .Raisoni college of Engineering Pune (@gh_raisonipune ...,"2748 Followers, 907 Following, 149 Posts - G. H .Raisoni college of Engineering Pune (@gh_raisonipune) on Instagram: ""DM YOUR ACHIEVEMENTS Message For ..."
"Which college is better, AISSMS or G. H. Raisoni Pune? - Quora","Jul 11, 2017 ... AISSMS college is placed in the heart of the city where u can have easy access to the city for ur classes , extra carrier opportunities."
GH Raisoni College Pune Hosts Grand Alumni Reunion 2025 ...,"Feb 10, 2025 ... GH Raisoni College of Engineering and Management (GHRCEM), Pune, hosted its highly anticipated Alumni Meet 2025, bringing together graduates from various ..."
